TAIL_NUMBER,VALUES
N209WN,369
N298JB,548
N4YUAA,1460
N516AS,1514
N567WN,1724
N597UA,1828
N3CUAA,973
N632MQ,2007
N980SW,3541
N851AA,2924
N703SW,2300
N845VA,2908
N522US,1542
N3762Y,831
N910DN,3146
N14972,217
N751SK,2451
N953DN,3425
N693MQ,2261
N110SY,35
N241WN,446
N231JB,426
N365SW,741
N3ECAA,992
N194UW,330
N249WN,462
N975SW,3527
N7733B,2587
N635VA,2026
N400WN,1129
N181UW,306
N310DE,575
N733SA,2404
N566WN,1721
N835DN,2870
N510NK,1496
N717SA,2359
N37420,793
N534NK,1604
N451WN,1263
N663SW,2139
N14188,186
N740SW,2418
N960SW,3469
N997DL,3574
N705TW,2309
N81449,2757
N6703D,2168
N8651A,3006
N760JB,2493
N3ELAA,997
N905DE,3101
N8631A,2984
N396AA,911
N12122,74
N626AE,1977
N866AA,3024
N34222,661
N480HA,1356
N944WN,3377
N899AT,3072
N912DE,3154
N374NW,815
N384DA,869
N499AA,1425
N3LVAA,1113
N814UA,2761
N27421,506
N14162,179
N453WN,1269
N455AA,1275
N533NK,1598
N454AA,1271
N37267,766
N482UA,1365
N908DA,3128
N7726A,2576
N7750A,2608
N3HJAA,1046
N508MQ,1489
N3HXAA,1058
N358NW,711
N358JB,709
N901AW,3080
N11199,52
N776SK,2615
N633SW,2015
N114SY,57
N494WN,1412
N628NK,1989
N838AW,2881
N806SK,2726
N520AS,1530
N846UA,2910
N655AW,2101
N483UA,1369
N13989,164
N943FR,3369
N849UA,2919
N69847,2283
N524MQ,1551
N431WN,1206
N369SW,755
N394AA,904
N510MQ,1495
N814DN,2759
N445UA,1248
N954AT,3430
N564WN,1711
N453UA,1268
N912EV,3157
N906SW,3117
N920WN,3220
N933FR,3306
N207WN,364
N3735D,780
N178US,301
N575UW,1743
N438WN,1228
N831AW,2849
N709JB,2325
N34460,667
N494CA,1410
N709BR,2323
N837VA,2879
N4XXAA,1449
N853NW,2933
N37274,767
N979EV,3537
N911DL,3153
N233LV,430
N913WN,3168
N896SK,3068
N481HA,1361
N872AS,3033
N613SW,1923
N3KCAA,1082
N963SW,3484
N487WN,1386
N728SK,2387
N732SK,2402
N630VA,2000
N87507,3036
N7752B,2612
N982DL,3544
N412WN,1157
N13913,157
N957DL,3450
N659JB,2120
N402UA,1132
N955SW,3440
N8667D,3021
N618JB,1943
N657AW,2109
N432UA,1208
N3BWAA,954
N947FR,3389
N7743B,2599
N193JB,329
N152UW,225
N011AA,7
N701GS,2292
N3MPAA,1128
N793SA,2680
N317AS,590
N12540,102
N493HA,1406
N488UA,1389
N38727,877
N8632A,2985
N188US,322
N535AS,1607
N3MMAA,1127
N617QX,1938
N009AA,6
N363NW,731
N537UW,1619
N124SY,98
N934DL,3310
N607LR,1891
N799AS,2700
N939DN,3345
N937DL,3331
N375DA,825
N711HK,2335
N457SW,1281
N48901,1391
N351NW,683
N953UW,3428
N719EV,2363
N27152,497
N29717,546
N612SW,1917
N13132,127
N953SW,3427
N3LCAA,1101
N8326F,2856
N807AW,2728
N3JAAA,1059
N782SK,2641
N807SK,2731
N874AS,3035
N326US,617
N3MGAA,1122
N11150,41
N798AA,2698
N615QX,1930
N489WN,1395
N131SY,131
N366SW,744
N864AS,3004
N556NW,1681
N647AW,2072
N123UW,96
N3HHAA,1045
N936UW,3328
N319US,600
N861AS,2973
N910FR,3148
N3BAAA,938
N434AA,1212
N555LV,1677
N587NW,1792
N399WN,919
N919DN,3206
N763SK,2507
N39726,913
N503AA,1467
N3CEAA,961
N66808,2151
N978DL,3533
N363SW,732
N564UW,1710
N317NB,592
N944DL,3372
N854VA,2938
N605JB,1880
N8ACAA,3074
N386SW,876
N662JB,2133
N3742C,796
N628MQ,1988
N7707C,2551
N11192,49
N3GRAA,1032
N606NK,1886
N514MQ,1507
N797MX,2696
N579UW,1759
N636WN,2031
N951WN,3416
N528AA,1574
N839AS,2886
N3GTAA,1034
N3BEAA,941
N229JB,423
N559UW,1693
N68823,2242
N12924,119
N750UW,2448
N954UW,3435
N973DL,3521
N4XPAA,1443
N926EV,3262
N15555,232
N927UW,3271
N965WN,3497
N684WN,2225
N3BRAA,950
N820SK,2783
N495UA,1414
N649JB,2080
N696MQ,2269
N24103,444
N624VA,1970
N764SK,2510
N524NK,1552
N694SW,2264
N689CA,2249
N532MQ,1594
N926SW,3263
N794SK,2685
N4XKAA,1441
N951UW,3415
N556WN,1683
N432WN,1209
N228PQ,418
N3FAAA,1006
N12157,79
N512MQ,1499
N514NK,1508
N119SY,72
N8309C,2834
N221WN,404
N16918,268
N3732J,778
N936DL,3324
N786AA,2655
N545UA,1639
N914EV,3172
N3EJAA,995
N950UW,3409
N13118,125
N69819,2276
N283JB,524
N23707,435
N77510,2609
N609NK,1903
N585JB,1781
N21144,376
N756AS,2474
N986DL,3554
N954SW,3434
N958DN,3457
N713SK,2343
N636NK,2029
N566AA,1717
N305DQ,563
N932SW,3300
N563AS,1703
N189UW,323
N975DL,3526
N348JB,674
N11181,45
N932DL,3295
N67845,2206
N956UW,3447
N186PQ,317
N7724A,2573
N486HA,1379
N277WN,517
N133EV,136
N8903A,3055
N642NK,2056
N569WN,1733
N914DE,3169
N416SW,1164
N496CA,1417
N3LLAA,1107
N394DA,905
N147PQ,210
N16999,273
N442SW,1239
N635DL,2022
N914DN,3171
N73276,2399
N8606C,2957
N562WN,1702
N537MQ,1617
N683DA,2220
N213FR,381
N934WN,3315
N913SW,3166
N76529,2526
N927AT,3266
N646JB,2069
N3BNAA,948
N369NB,753
N507NK,1485
N646SW,2071
N908WN,3135
N768SK,2540
N13908,156
N622SW,1961
N167US,266
N889AS,3054
N512NK,1500
N521SW,1537
N653AW,2093
N368SW,751
N608MQ,1896
N11191,48
N599JB,1833
N13553,142
N602SW,1867
N954DL,3431
N570JB,1735
N14568,206
N556UW,1682
N896AT,3067
N15980,244
N463WN,1298
N307JB,569
N025AA,17
N4YDAA,1452
N812AW,2749
N7816B,2635
N121DE,86
N685BR,2227
N708SW,2321
N502AA,1464
N200WN,343
N588NW,1798
N527SW,1572
N982SW,3545
N325NB,614
N351JB,681
N920AT,3212
N443SW,1242
N238WN,440
N12921,117
N7715E,2562
N537US,1618
N18556,313
N474AA,1336
N251WN,465
N16732,265
N723SW,2372
N868CA,3029
N4YSAA,1458
N842UA,2898
N396SW,912
N7728D,2578
N7815L,2634
N755US,2473
N306AS,564
N559WN,1694
N658AW,2113
N3753,820
N827DN,2818
N597AA,1825
N672AW,2187
N451UA,1262
N921FR,3225
N779SW,2627
N26208,479
N320NB,601
N821JB,2788
N5DKAA,1844
N925UY,3257
N669SW,2163
N3DFAA,979
N7702A,2546
N106SY,28
N522VA,1543
N15572,233
N612AS,1912
N6705Y,2170
N372SW,775
N736SA,2407
N506MQ,1480
N824SK,2807
N440SW,1233
N794AS,2683
N951SW,3414
N370NW,756
N13975,160
N906DA,3111
N222WN,405
N549UW,1656
N730SW,2392
N328NB,621
N3FFAA,1010
N504MQ,1473
N493AA,1405
N965DL,3493
N67827,2205
N960DL,3467
N358SW,712
N919DE,3204
N008AA,5
N716UW,2357
N475HA,1340
N25705,471
N3DTAA,989
N655MQ,2103
N608JB,1895
N625SW,1975
N987DL,3557
N398DA,917
N34455,666
N541UW,1629
N603AT,1869
N029AA,18
N703SK,2299
N501AA,1462
N11536,61
N278WN,518
N691MQ,2256
N990DL,3562
N3MLAA,1126
N3ASAA,932
N598AA,1829
N739GB,2415
N956DN,3445
N426SW,1191
N4YPAA,1456
N512UA,1501
N525AS,1556
N206WN,361
N464UA,1301
N8657B,3011
N961AT,3471
N17524,293
N574AA,1742
N840AW,2891
N14543,203
N68807,2237
N371CA,759
N981EV,3543
N334NB,644
N548CA,1650
N759EV,2489
N659MQ,2121
N855AS,2940
N850AA,2921
N14923,216
N927WN,3272
N713UW,2346
N538CA,1621
N638JB,2037
N3JXAA,1079
N626AS,1978
N61881,1940
N978AT,3532
N936WN,3329
N7727A,2577
N309AS,571
N270WN,496
N27733,516
N38459,866
N295WN,543
N565AA,1712
N707TW,2316
N76508,2516
N582HA,1769
N458UA,1284
N316NB,588
N905EV,3103
N943DL,3367
N496WN,1419
N784JB,2647
N964SW,3490
N657MQ,2111
N868AS,3028
N917SW,3193
N13978,161
N12238,93
N76514,2517
N3765,834
N542MQ,1631
N907MQ,3124
N36280,727
N38403,861
N821SK,2790
N390DA,887
N623VA,1966
N39415,896
N258JB,473
N131EV,130
N483WN,1370
N915DN,3178
N351NB,682
N12167,82
N76269,2500
N7740A,2595
N292WN,539
N337JB,648
N530VA,1589
N799SW,2701
N8629A,2980
N941SW,3358
N7AKAA,2702
N766SW,2533
N909MQ,3140
N309US,574
N994DL,3569
N619MQ,1948
N140LL,171
N338NB,651
N460WN,1292
N509JB,1492
N473UA,1334
N689MQ,2251
N653MQ,2095
N908FR,3132
N858AA,2949
N362NW,728
N624NK,1969
N8324A,2854
N549AS,1653
N585NW,1782
N3GLAA,1028
N569AS,1731
N8311Q,2841
N907DL,3121
N929DN,3282
N613QX,1921
N993DL,3567
N25134,464
N775SW,2614
N785SW,2654
N745SW,2431
N915US,3181
N3JPAA,1072
N990AT,3561
N759GS,2490
N130SY,123
N176UW,297
N357NW,707
N586NW,1787
N608SW,1900
N264LV,485
N957DN,3451
N197UW,337
N3LUAA,1112
N143SY,199
N505AA,1474
N374JB,814
N771SA,2567
N418WN,1172
N821AS,2785
N756US,2477
N022AA,15
N623SW,1965
N839VA,2890
N908AW,3127
N523JB,1544
N359NW,714
N544UA,1637
N57864,1752
N340LV,655
N569AA,1730
N347NB,672
N714US,2349
N690DL,2253
N355SW,703
N8614M,2967
N3LFAA,1103
N352NW,687
N454WN,1274
N661AW,2127
N664MQ,2140
N12126,75
N3HSAA,1053
N830DN,2837
N675AE,2195
N801AW,2705
N216AG,388
N14250,196
N927DA,3267
N37298,772
N3FHAA,1012
N117SY,68
N713SW,2344
N480UA,1357
N31412,581
N932WN,3301
N660DL,2124
N959DL,3462
N77431,2598
N457WN,1283
N917DE,3190
N103US,23
N239WN,442
N598UA,1831
N324JB,611
N570WN,1737
N384SW,871
N583UW,1776
N963UW,3485
N418SW,1170
N414UA,1160
N762SW,2504
N950DL,3407
N760US,2495
N741EV,2420
N329NW,625
N256WN,470
N425AA,1187
N371DA,760
N4XRAA,1444
N842AS,2897
N639SW,2044
N3CKAA,966
N472WN,1332
N6714Q,2181
N565WN,1716
N488HA,1388
N916US,3188
N26545,486
N831DN,2850
N236JB,433
N453SW,1267
N203WN,353
N952FR,3419
N600WN,1860
N429SW,1198
N654DL,2098
N373NW,787
N281JB,521
N659SW,2122
N669DN,2161
N539MQ,1623
N600QX,1859
N37470,806
N3748Y,810
N956DL,3444
N656AW,2105
N227AG,414
N136EV,147
N57852,1747
N440LV,1232
N442WN,1241
N703AS,2297
N617DL,1935
N789AA,2663
N568AS,1726
N7738A,2592
N362SW,729
N900WN,3079
N637NK,2033
N631MQ,2002
N952DN,3418
N327NW,619
N470AA,1321
N353JB,690
N534MQ,1603
N310NW,576
N762AS,2502
N634SW,2020
N824AS,2803
N3HRAA,1052
N909DE,3138
N3GNAA,1030
N718SW,2361
N39461,901
N16147,248
N201LV,344
N932EV,3297
N713TW,2345
N892AT,3058
N976SW,3529
N7711N,2558
N611SW,1911
N930DN,3288
N3AHAA,926
N589AS,1800
N916EV,3186
N263WN,484
N948FR,3396
N492WN,1404
N345NB,668
N105SY,26
N12563,103
N949FR,3403
N967AT,3501
N540US,1625
N424WN,1186
N505UA,1477
N750SK,2447
N584NW,1778
N195PQ,333
N607NK,1892
N11193,50
N190JB,324
N213WN,383
N615MQ,1928
N767SW,2536
N73259,2397
N760AS,2491
N836MQ,2875
N550UW,1659
N21197,378
N16911,267
N15912,242
N234WN,431
N930WN,3291
N519JB,1525
N778SK,2621
N710TW,2333
N623NK,1964
N629AE,1992
N507MQ,1484
N282WN,523
N12528,100
N133SY,137
N13718,150
N76516,2519
N3DLAA,983
N689DL,2250
N628SW,1990
N924WN,3251
N515SW,1513
N614QX,1925
N630WN,2001
N219WN,400
N709SW,2327
N509NK,1493
N79402,2681
N925MQ,3256
N354NB,697
N283WN,525
N998AT,3575
N7721E,2570
N777QC,2617
N609SW,1905
N4XTAA,1446
N508JB,1488
N66828,2154
N354NW,698
N614AS,1924
N717EV,2358
N391SW,891
N740UW,2419
N146PQ,208
N820AW,2781
N670DN,2175
N8635F,2988
N248WN,460
N906EV,3114
N18243,308
N513AS,1503
N810DN,2744
N908SW,3134
N213UA,382
N202WN,349
N12564,104
N274WN,510
N581AA,1763
N477HA,1347
N8650F,3005
N369NW,754
N67815,2204
N3ADAA,922
N36247,725
N755SA,2471
N752SW,2456
N931DL,3292
N786SK,2657
N949WN,3406
N774SW,2607
N906MQ,3116
N620MQ,1951
N299WN,553
N566AS,1718
N68843,2246
N922WN,3234
N769SW,2544
N685DA,2228
N923DL,3236
N962DL,3477
N647MQ,2073
N62849,1987
N8669B,3023
N12166,81
N620NK,1952
N3KXAA,1097
N675BR,2197
N460SW,1290
N941DL,3354
N719SW,2365
N444WN,1246
N910EV,3147
N35407,694
N019AA,13
N641CA,2050
N734SA,2406
N719SK,2364
N743SK,2424
N989AT,3560
N639VA,2045
N970AT,3513
N674MQ,2194
N965UW,3496
N932FR,3298
N826MQ,2815
N13113,124
N660AW,2123
N240WN,443
N958UW,3459
N114UW,58
N13123,126
N904WN,3099
N8647A,3000
N627NK,1985
N198UW,339
N640VA,2049
N933DL,3303
N760SW,2494
N942DN,3363
N266JB,489
N557AS,1684
N960WN,3470
N57870,1755
N828DN,2823
N481AA,1360
N762US,2505
N706AS,2311
N738CB,2411
N387AA,878
N660SW,2126
N015AA,10
N467UA,1311
N3DMAA,984
N627MQ,1984
N514AA,1505
N3744F,799
N394SW,907
N808AW,2733
N245WN,453
N375NC,827
N427WN,1195
N3KTAA,1093
N77865,2618
N920EV,3216
N346JB,671
N3KDAA,1083
N8658A,3012
N294JB,541
N940WN,3353
N442UA,1240
N16149,249
N3GBAA,1023
N4YFAA,1453
N702BR,2294
N3FLAA,1014
N910SW,3149
N68822,2241
N935SW,3322
N354JB,696
N7706A,2550
N15574,234
N355JB,700
N33714,647
N616NK,1932
N498WN,1424
N329NB,624
N478HA,1349
N829DN,2825
N550NW,1658
N662MQ,2134
N12172,83
N13133,128
N746JB,2433
N421UA,1178
N37263,765
N525US,1560
N953AT,3423
N768JB,2539
N747UW,2437
N257WN,472
N931FR,3293
N3DHAA,981
N726SK,2382
N813DN,2754
N825DN,2810
N996DL,3572
N521MQ,1536
N934AT,3309
N514UA,1510
N630SK,1999
N633SK,2014
N444UA,1245
N770SK,2555
N447SW,1253
N22909,420
N379SW,852
N848UA,2916
N831MQ,2851
N496AA,1416
N437SW,1223
N773SA,2593
N729SW,2389
N273WN,505
N483HA,1368
N718EV,2360
N421LV,1177
N3CPAA,970
N891AT,3056
N703JB,2298
N687DL,2232
N944SW,3375
N473AA,1333
N363NB,730
N678AE,2208
N854UA,2937
N823SK,2801
N38451,864
N8305E,2830
N445SW,1247
N985AT,3551
N786AS,2656
N976DL,3528
N967DL,3502
N611MQ,1908
N8661A,3016
N941UW,3359
N823AS,2797
N725UW,2381
N490WN,1398
N503JB,1468
N495CA,1413
N7734H,2588
N966WN,3500
N905DA,3100
N935FR,3319
N3JCAA,1061
N3JLAA,1069
N661JB,2129
N921WN,3227
N969DL,3510
N587AS,1789
N805SK,2722
N3EVAA,1002
N206JB,360
N937WN,3336
N638SW,2040
N239JB,441
N26210,480
N632VA,2011
N826UA,2816
N3LNAA,1109
N690MQ,2254
N899SK,3073
N789SW,2666
N813SK,2756
N408UA,1148
N721TW,2367
N365NB,739
N640SW,2048
N3LTAA,1111
N794JB,2684
N651MQ,2087
N522UA,1541
N918DL,3198
N841AS,2894
N376NW,839
N482AA,1364
N790SW,2668
N1501P,223
N7723E,2572
N202UW,348
N815UA,2765
N3ABAA,921
N255WN,469
N35204,684
N8644C,2997
N947DL,3387
N16561,257
N611NK,1909
N871AS,3032
N938DL,3338
N508NK,1490
N935DN,3318
N766SK,2532
N572UW,1739
N904DA,3095
N8923A,3057
N915AT,3175
N532NK,1595
N3FWAA,1019
N787SA,2659
N302AS,555
N3CDAA,960
N430SW,1201
N961SW,3474
N753SK,2459
N68452,2222
N978SW,3534
N921AT,3221
N740EV,2416
N554JB,1671
N485WN,1378
N484WN,1374
N468WN,1317
N354AA,695
N190UW,325
N843MQ,2901
N5PBMQ,1857
N104UW,24
N566JB,1719
N865AA,3014
N3GMAA,1029
N534UW,1606
N4XVAA,1448
N31131,577
N529VA,1585
N405UA,1140
N821AW,2786
N765AS,2527
N410WN,1153
N14105,174
N7735A,2589
N663AW,2135
N68801,2235
N743SW,2425
N8968E,3066
N741UW,2422
N939DL,3344
N912DL,3155
N17146,281
N965AT,3492
N711ZX,2337
N711UW,2336
N590HA,1805
N526NK,1565
N612DL,1913
N878AS,3044
N3DXAA,991
N7736A,2590
N737JW,2408
N183JB,310
N929FR,3284
N3GGAA,1027
N7704B,2548
N533US,1599
N705AS,2306
N673AW,2190
N3FDAA,1008
N686DA,2230
N7717D,2564
N902WN,3089
N3LDAA,1102
N14186,185
N618AS,1941
N3HCAA,1040
N679SA,2215
N481WN,1363
N837UA,2878
N12218,90
N691CA,2255
N583AA,1771
N26906,494
N479HA,1353
N118SY,70
N21129,374
N626SW,1980
N773SK,2594
N581AS,1764
N534US,1605
N68834,2243
N455CA,1276
N207UW,363
N857AS,2948
N359SW,715
N741SA,2421
N859AA,2951
N3EYAA,1005
N772SW,2582
N134EV,138
N3DPAA,986
N15710,237
N487AA,1382
N929EV,3283
N597AS,1826
N928EV,3275
N387SW,880
N476WN,1343
N223WN,408
N8604K,2955
N8638A,2989
N774SK,2606
N900MQ,3077
N17159,282
N3CFAA,962
N817SK,2772
N583JB,1774
N684JW,2224
N3HMAA,1049
N459SW,1287
N946WN,3386
N279WN,519
N407UA,1145
N621MQ,1954
N374HA,813
N6706Q,2171
N154UW,230
N302NB,557
N3GSAA,1033
N935DL,3317
N636JB,2027
N709EV,2324
N210FR,370
N637MQ,2032
N322US,606
N497UA,1420
N680AE,2216
N7709A,2553
N596AS,1822
N3KHAA,1086
N422WN,1179
N699BR,2286
N909WN,3142
N8659D,3013
N466UA,1307
N921EV,3224
N933MQ,3307
N348NW,676
N76519,2521
N411WN,1155
N103SY,22
N262WN,483
N341NB,659
N3JKAA,1068
N331NW,630
N478WN,1351
N78060,2628
N340NB,656
N936EV,3326
N964DL,3488
N728SW,2388
N14125,176
N232PQ,428
N8655D,3009
N776WN,2616
N651JB,2086
N526VA,1568
N7811F,2631
N247JB,458
N981AT,3542
N930DL,3287
N230WN,425
N661DN,2128
N864AA,3003
N770UW,2556
N8643A,2996
N8649A,3002
N760EV,2492
N126UW,110
N580JB,1761
N5EKAA,1850
N448WN,1257
N840UA,2893
N931WN,3294
N3BFAA,942
N590UA,1807
N902MQ,3088
N69833,2280
N555NW,1678
N681MQ,2218
N910DE,3144
N766JB,2531
N602XJ,1868
N803UA,2715
N3FVAA,1018
N404UA,1138
N700GS,2289
N8828D,3048
N6701,2166
N68842,2245
N576UW,1745
N928SW,3278
N633VA,2016
N385SW,874
N331NB,629
N8627B,2978
N5EXAA,1854
N471UA,1327
N594SW,1819
N611SK,1910
N499WN,1426
N5EJAA,1849
N977DL,3531
N910AT,3143
N14204,188
N955DN,3439
N810AW,2743
N911DE,3152
N544UW,1638
N378NW,850
N4XSAA,1445
N670SW,2177
N638NK,2039
N745SK,2430
N57439,1741
N746UW,2436
N639MQ,2042
N532US,1596
N673AE,2189
N752US,2457
N905SW,3107
N3HWAA,1057
N907SW,3125
N8303R,2829
N24128,445
N553NW,1667
N11535,60
N554WN,1674
N916DE,3183
N674DL,2193
N601NK,1861
N492HA,1401
N969SW,3511
N13903,155
N784SK,2648
N824UA,2808
N641MQ,2052
N597JB,1827
N643SW,2061
N457UA,1282
N218FR,396
N14902,211
N519MQ,1526
N516MQ,1516
N645JB,2066
N715SK,2351
N652MQ,2092
N69830,2279
N938WN,3342
N525VA,1561
N528VA,1580
N705JB,2307
N744P,2427
N176PQ,296
N622MQ,1959
N16919,269
N710SW,2332
N979AT,3535
N273JB,504
N461AS,1293
N951DL,3411
N142SY,197
N922EV,3231
N956AT,3443
N582UW,1770
N767AS,2534
N382SW,859
N941DN,3355
N445WN,1249
N520SW,1533
N14991,220
N472AS,1329
N12135,76
N517JB,1519
N919WN,3211
N8313F,2843
N12900,116
N323NB,609
N939FR,3346
N824DN,2805
N550AA,1657
N972AT,3519
N927DN,3268
N226WN,413
N17169,283
N4XEAA,1437
N946DL,3382
N17115,278
N3GCAA,1024
N313US,580
N958AT,3455
N127UW,113
N822AW,2792
N727SK,2384
N894AT,3063
N804DN,2717
N403WN,1137
N657JB,2110
N615AS,1927
N526AS,1562
N860AS,2962
N519US,1528
N666DN,2147
N390SW,888
N830MQ,2838
N770SA,2554
N968WN,3508
N582CA,1768
N827MQ,2820
N7730A,2584
N756SA,2475
N69810,2274
N284WN,529
N17244,288
N635SW,2025
N697MQ,2271
N969WN,3512
N3CGAA,963
N828AW,2822
N607AT,1890
N352SW,688
N38467,867
N498UA,1423
N33103,626
N353NW,692
N768SW,2541
N603JB,1870
N108UW,32
N368JB,748
N649SW,2082
N465SW,1303
N801DZ,2706
N985DL,3552
N153UW,228
N724SK,2377
N809AW,2736
N39418,898
N17730,299
N373SW,788
N958SW,3458
N866AS,3025
N956SW,3446
N11551,65
N3KYAA,1098
N76528,2525
N835UA,2871
N556AS,1679
N913DL,3163
N435SW,1216
N7749B,2605
N862AS,2982
N532AS,1593
N687SW,2234
N697SW,2272
N122SY,94
N618NK,1945
N5DHAA,1842
N6710E,2178
N326NB,616
N836AW,2873
N696DL,2268
N814SK,2760
N3755D,821
N3HAAA,1038
N761RR,2497
N515MQ,1511
N116SY,67
N16541,254
N662AW,2131
N7821L,2639
N607SW,1894
N548AS,1649
N962SW,3479
N910WN,3150
N450WN,1261
N619NK,1949
N621VA,1957
N863AA,2991
N680AW,2217
N814AW,2758
N16571,258
N14117,175
N7744A,2600
N296JB,544
N8323C,2853
N631NK,2003
N3FEAA,1009
N3CJAA,965
N769AS,2543
N873AS,3034
N17196,285
N795SK,2688
N271LV,499
N835VA,2872
N928FR,3276
N993AT,3566
N179JB,303
N794SW,2686
N364NB,736
N192UW,328
N7716A,2563
N525SW,1559
N357NB,706
N698DL,2284
N8633A,2986
N169UW,274
N968AT,3506
N965DN,3494
N613JB,1919
N663JB,2137
N501MQ,1463
N959WN,3466
N579AS,1757
N629SW,1996
N216JB,390
N802DN,2709
N659AW,2117
N853AS,2932
N316US,589
N608QX,1898
N907WN,3126
N8617E,2970
N640NK,2047
N983AT,3546
N395SW,910
N805AW,2720
N250WN,463
N665WN,2146
N807JB,2730
N185UW,315
N618MQ,1944
N17138,280
N645SW,2068
N562JB,1700
N826AW,2813
N903DE,3091
N648JB,2077
N3GEAA,1026
N621SW,1956
N57857,1749
N592NW,1813
N510UW,1497
N808UA,2735
N7818L,2636
N353AA,689
N935AT,3316
N461WN,1295
N909AW,3136
N818AW,2774
N971DL,3516
N3KAAA,1080
N546UW,1643
N76526,2524
N28529,530
N827AW,2817
N932MQ,3299
N700UW,2290
N908MQ,3133
N825SK,2811
N112US,55
N229WN,424
N591NW,1809
N909DA,3137
N957UW,3453
N3ERAA,1000
N225WN,412
N522NK,1539
N801UA,2707
N68811,2238
N3EMAA,998
N7BMAA,2703
N435AS,1215
N007AA,4
N18120,305
N14177,182
N918FR,3199
N971AT,3515
N3738B,783
N210WN,372
N8660A,3015
N17185,284
N903WN,3094
N768AS,2538
N5BTAA,1834
N36472,734
N913US,3167
N928DL,3274
N676DL,2201
N924AT,3244
N748UW,2442
N184US,312
N631SW,2005
N355NB,701
N405WN,1141
N403AS,1135
N934JB,3313
N436AA,1219
N594HA,1818
N323AS,607
N466WN,1308
N3CNAA,969
N76254,2498
N905MQ,3106
N3DSAA,988
N859AS,2952
N754SW,2468
N325US,615
N867AS,3027
N328JB,620
N376SW,840
N604SK,1878
N503MQ,1469
N120SY,73
N919DL,3205
N603MQ,1871
N478UA,1350
N905WN,3108
N946UW,3385
N13997,168
N669AW,2160
N4XLAA,1442
N909EV,3139
N748EV,2439
N827JB,2819
N8327A,2857
N73283,2400
N378HA,849
N933EV,3305
N215AG,386
N817MQ,2771
N1EAMQ,341
N3BMAA,947
N475WN,1341
N301NB,554
N426WN,1193
N928MQ,3277
N324US,613
N366NW,743
N14993,221
N849AS,2918
N913EV,3165
N209FR,368
N952DL,3417
N755EV,2470
N8630B,2983
N930SW,3290
N3733Z,779
N686MQ,2231
N957WN,3454
N625MQ,1973
N487UA,1385
N417SW,1167
N3768,836
N7708E,2552
N925WN,3258
N920FR,3217
N547AA,1645
N15983,245
N629NK,1995
N527NK,1571
N880AS,3046
N908DE,3129
N754UW,2469
N693BR,2259
N8933B,3060
N438AA,1225
N247WN,459
N461SW,1294
N302DQ,556
N335NB,645
N593ML,1815
N970DL,3514
N549US,1655
N704US,2304
N816UA,2769
N538AS,1620
N507AY,1482
N3MJAA,1124
N315AS,584
N38458,865
N8932C,3059
N937AT,3330
N944UW,3376
N7813P,2633
N8615E,2968
N627SW,1986
N702TW,2295
N452SW,1264
N367NW,746
N372AA,773
N908EV,3131
N8639B,2990
N488WN,1390
N6712B,2180
N242WN,450
N7741C,2596
N3HNAA,1050
N13202,132
N921US,3226
N3LXAA,1115
N431UA,1205
N916WN,3189
N3ALAA,929
N610WN,1906
N920US,3219
N449SW,1258
N389DA,884
N223FR,407
N407AS,1144
N8316H,2846
N612NK,1915
N977AT,3530
N761ND,2496
N460UA,1291
N7718B,2565
N580HA,1760
N607AS,1889
N775JB,2613
N87531,3040
N281WN,522
N917WN,3195
N14230,192
N373HA,785
N737US,2409
N715SW,2352
N913DN,3164
N215WN,387
N130DL,122
N3731T,777
N37408,789
N27722,514
N846AS,2909
N877AS,3043
N588NK,1797
N661MQ,2130
N109UW,34
N426AA,1190
N423WN,1183
N554CA,1670
N528UA,1579
N489HA,1393
N502MQ,1465
N592AS,1810
N947DN,3388
N298WN,549
N792SK,2676
N3752,819
N87512,3037
N33289,636
N14214,189
N914WN,3174
N4XFAA,1438
N388DA,881
N354SW,699
N14907,214
N870AS,3031
N479UA,1354
N780SK,2629
N998DL,3576
N885AS,3051
N792AA,2674
N707EV,2314
N712EV,2338
N3JTAA,1075
N705UW,2310
N955WN,3442
N16559,256
N229FR,422
N934DN,3311
N599AA,1832
N558UW,1689
N447UA,1254
N903DA,3090
N66837,2156
N672DL,2188
N17984,302
N590AA,1803
N469AA,1318
N675AW,2196
N78509,2649
N280WN,520
N192JB,327
N3CLAA,967
N129DL,121
N7720F,2569
N642MQ,2055
N3BPAA,949
N612JB,1914
N863AS,2992
N3CHAA,964
N14171,181
N38268,858
N3MEAA,1121
N45440,1270
N600MQ,1858
N221FR,403
N3EWAA,1003
N904DE,3096
N3772H,843
N948DL,3394
N917EV,3192
N3766,835
N406UA,1142
N187JB,319
N470WN,1323
N393DA,894
N974DL,3524
N939SW,3348
N710SK,2331
N758EV,2485
N971SW,3517
N76288,2501
N667GB,2149
N38417,862
N724EV,2376
N720WN,2366
N919AT,3203
N567UW,1723
N407WN,1146
N823UA,2802
N370SW,757
N8646B,2999
N398CA,916
N4YAAA,1451
N906DL,3113
N8640D,2993
N819DN,2779
N622VA,1962
N4XBAA,1434
N510JB,1494
N76515,2518
N184JB,311
N128SY,114
N417WN,1169
N364NW,737
N936SW,3327
N655WN,2104
N39423,899
N955DL,3438
N902DA,3085
N143DA,198
N397DA,914
N586AA,1784
N23721,437
N8325D,2855
N928WN,3279
N53442,1600
N428WN,1197
N33182,628
N654MQ,2099
N634MQ,2018
N918US,3201
N8312C,2842
N360NB,717
N555AY,1676
N471CA,1326
N751SW,2452
N455SW,1277
N835AW,2869
N632NK,2008
N73299,2401
N796SW,2693
N380HA,854
N536AS,1612
N371NW,761
N852AS,2929
N670MQ,2176
N15985,246
N849VA,2920
N633DL,2012
N275AY,511
N726SW,2383
N588HA,1795
N919US,3210
N586UW,1788
N933WN,3308
N408AS,1147
N651AW,2085
N216FR,389
N900PC,3078
N708UW,2322
N508AY,1487
N578UW,1756
N464WN,1302
N8329B,2859
N758US,2488
N14203,187
N799AA,2699
N595NW,1821
N967SW,3503
N939MQ,3347
N957AT,3449
N637VA,2035
N922DX,3230
N389HA,885
N479AA,1352
N197PQ,336
N491HA,1400
N8612K,2965
N3KUAA,1094
N27200,500
N76505,2515
N37290,771
N37277,768
N274AY,508
N195UW,334
N738US,2414
N66831,2155
N29917,552
N509AY,1491
N134SY,139
N0EGMQ,20
N805JB,2721
N757AT,2478
N585AA,1780
N161UW,252
N523SW,1547
N443UA,1243
N121SY,87
N898SK,3071
N3JGAA,1065
N495WN,1415
N589NW,1802
N613AS,1918
N3KVAA,1095
N73860,2410
N8609A,2960
N838MQ,2883
N3EXAA,1004
N135EV,144
N918DE,3196
N288WN,534
N538UW,1622
N751EV,2450
N948JB,3397
N67171,2184
N938FR,3340
N722EV,2369
N771SK,2568
N958DL,3456
N8621A,2975
N8665D,3020
N555AA,1675
N669MQ,2162
N448UA,1256
N322NB,605
N710EV,2330
N14905,213
N955UW,3441
N187PQ,320
N468CA,1315
N3BTAA,952
N668DN,2158
N475AA,1339
N855UA,2942
N902DE,3086
N581HA,1765
N449WN,1260
N269WN,495
N886AS,3052
N153PQ,227
N924US,3250
N173US,291
N923US,3242
N908DL,3130
N24729,457
N139SY,170
N822DN,2793
N268WN,493
N906AT,3109
N715JB,2350
N916DN,3185
N632JB,2006
N591JB,1808
N514AS,1506
N413WN,1159
N403AA,1134
N249JB,461
N658MQ,2115
N3CRAA,971
N949DL,3401
N642WN,2058
N196UW,335
N920DE,3213
N24211,447
N679CA,2213
N430WN,1203
N244WN,452
N641SW,2054
N432SW,1207
N3GUAA,1035
N744EV,2426
N3747D,809
N155UW,235
N812SK,2751
N75858,2483
N419WN,1174
N924SW,3249
N558WN,1690
N306DQ,565
N953WN,3429
N238JB,439
N73251,2395
N656MQ,2107
N590AS,1804
N15527,231
N29907,551
N883AS,3050
N521JB,1535
N408WN,1149
N375JB,826
N791SW,2672
N604AW,1875
N615NK,1929
N468AS,1314
N506NK,1481
N895AT,3064
N644SW,2065
N360NW,718
N554UW,1673
N834JB,2867
N437UA,1224
N352NB,686
N228JB,417
N635MQ,2023
N223AG,406
N9EAMQ,3577
N964AT,3487
N902EV,3087
N357SW,708
N78866,2661
N613NK,1920
N637SW,2034
N235WN,432
N534JB,1602
N606SK,1887
N530AS,1586
N969AT,3509
N8884E,3053
N809UA,2742
N3AAAA,920
N616SW,1934
N800SK,2704
N274JB,509
N355NW,702
N8318F,2848
N740SK,2417
N349NB,678
N652BR,2090
N28478,527
N364SW,738
N135SY,145
N8317M,2847
N394DL,906
N3CBAA,958
N559AS,1691
N929DL,3281
N487HA,1384
N527AS,1569
N477AS,1345
N767SK,2535
N552JB,1663
N695CA,2265
N603SW,1874
N569UW,1732
N593AS,1814
N905JB,3105
N377NW,847
N730US,2393
N33209,632
N473WN,1335
N948UW,3399
N947WN,3393
N845MQ,2907
N792AS,2675
N447WN,1255
N3KFAA,1084
N907DE,3120
N3EHAA,994
N484AA,1371
N634JB,2017
N3BXAA,955
N292JB,538
N900EV,3076
N678AW,2209
N472AA,1328
N992DL,3565
N457AS,1280
N785SK,2653
N543UW,1636
N605NK,1881
N663MQ,2138
N624JB,1968
N22971,421
N21537,385
N4YRAA,1457
N852VA,2931
N4WKAA,1429
N834UA,2868
N220WN,402
N937EV,3333
N524UW,1554
N218AG,395
N8605E,2956
N154DL,229
N823AW,2798
N974AT,3523
N851AS,2925
N307DQ,568
N716SW,2356
N317JB,591
N526SW,1566
N427UA,1194
N644MQ,2064
N823MQ,2800
N534AS,1601
N243WN,451
N833AW,2862
N678CA,2210
N3756,822
N57855,1748
N315NB,585
N439AA,1229
N983DL,3548
N529UA,1584
N318AS,595
N3743H,798
N952WN,3422
N830UA,2839
N537JB,1616
N441UA,1236
N949DN,3402
N782SA,2640
N906FR,3115
N531AS,1590
N979DL,3536
N816SK,2768
N688MQ,2248
N843UA,2902
N237WN,438
N528SW,1578
N203JB,351
N3ATAA,933
N469WN,1320
N783SW,2643
N12145,78
N69826,2278
N554NW,1672
N018AA,12
N813AW,2753
N961WN,3476
N984DL,3550
N23708,436
N13716,149
N11127,39
N961UW,3475
N862AA,2981
N813MQ,2755
N14974,218
N512AS,1498
N702UW,2296
N957SW,3452
N882AS,3049
N3AGAA,925
N930AT,3286
N955AT,3437
N817UA,2773
N3HVAA,1056
N925DL,3253
N26226,482
N519AS,1524
N3FBAA,1007
N66803,2150
N454SW,1272
N66814,2152
N841VA,2896
N3GPAA,1031
N3MDAA,1120
N418UA,1171
N662DN,2132
N378SW,851
N930EV,3289
N904DL,3097
N923MQ,3240
N484HA,1372
N923AT,3235
N839AW,2887
N13161,129
N995AT,3570
N869AS,3030
N34110,658
N616QX,1933
N12225,92
N3FRAA,1017
N3764D,833
N949JB,3404
N665MQ,2145
N132SY,135
N803DN,2713
N654SW,2100
N529JB,1582
N7729A,2580
N780SW,2630
N924EV,3247
N809JB,2739
N837AW,2876
N622NK,1960
N607SK,1893
N653JB,2094
N915SW,3180
N490HA,1396
N3757D,823
N744SK,2428
N903EV,3092
N3HFAA,1043
N373JB,786
N809MQ,2740
N11187,46
N359NB,713
N606JB,1884
N15712,238
N630NK,1998
N944DN,3373
N33203,631
N208FR,365
N8965E,3065
N526UA,1567
N180US,304
N806UA,2727
N17233,287
N3BHAA,944
N539UW,1624
N3LBAA,1100
N522SW,1540
N669UA,2164
N732US,2403
N345SA,670
N959AT,3461
N24224,449
N8616C,2969
N546AS,1642
N11176,44
N806AW,2723
N8322X,2852
N763JB,2506
N567AA,1722
N8608N,2959
N932DN,3296
N543UA,1634
N542UW,1632
N492SW,1402
N856AS,2945
N337NW,650
N753US,2460
N202AA,346
N37409,790
N765US,2530
N565AS,1713
N311US,578
N755SK,2472
N4XCAA,1435
N477AA,1344
N39450,900
N821DN,2787
N260WN,476
N588AS,1794
N15910,241
N216WR,391
N915DL,3177
N486WN,1381
N699MQ,2287
N3FPAA,1016
N254WN,468
N913DE,3162
N12201,88
N3KWAA,1096
N901EV,3083
N380DA,853
N3HGAA,1044
N603SK,1873
N431SW,1204
N854AA,2936
N389SW,886
N584AS,1777
N608NK,1897
N144DA,200
N541US,1628
N705SW,2308
N397SW,915
N435WN,1218
N746SW,2435
N644JB,2063
N965SW,3495
N909SW,3141
N645MQ,2067
N6716C,2183
N8610A,2963
N36272,726
N629BR,1993
N647SW,2074
N21130,375
N905DL,3102
N3FMAA,1015
N8654B,3008
N6702,2167
N76504,2514
N876AS,3042
N843AS,2900
N3GDAA,1025
N286WN,532
N105UW,27
N855MQ,2941
N8613K,2966
N485HA,1376
N33286,635
N3KPAA,1090
N24212,448
N752SK,2455
N21108,373
N573UW,1740
N646MQ,2070
N353SW,693
N4WMAA,1431
N5EWAA,1853
N128UW,115
N267WN,492
N570UW,1736
N492UA,1403
N3CCAA,959
N275WN,512
N191UW,326
N345NW,669
N74856,2438
N571UW,1738
N459UA,1288
N8623F,2976
N459WN,1289
N73275,2398
N671AE,2185
N438SW,1226
N68880,2247
N804UA,2719
N779CA,2624
N186DN,316
N954WN,3436
N471AA,1324
N5ECAA,1846
N581NW,1766
N18223,307
N625AS,1971
N8656B,3010
N649MQ,2081
N528AS,1575
N409AS,1150
N477CA,1346
N795AS,2687
N224WN,410
N926DL,3261
N924FR,3248
N952SW,3420
N536UW,1614
N211WN,379
N565UW,1715
N907EV,3122
N324NB,612
N504AA,1471
N410UA,1152
N971UY,3518
N464AS,1299
N683MQ,2221
N8611F,2964
N309JB,573
N3JSAA,1074
N520UW,1534
N377DA,846
N6700,2165
N77518,2610
N12996,120
N8315C,2845
N474UA,1337
N945SW,3379
N467WN,1312
N851VA,2927
N5DEAA,1840
N786SW,2658
N374DA,812
N206FR,359
N716SK,2355
N440UA,1234
N3HUAA,1055
N564JB,1709
N328NW,622
N111US,53
N958WN,3460
N29906,550
N423SW,1181
N915EV,3179
N327NB,618
N16981,271
N383AA,860
N380SW,855
N204UW,355
N297WN,547
N3HKAA,1047
N523NK,1546
N339NW,654
N832DN,2860
N3CVAA,974
N16987,272
N629JB,1994
N476UA,1342
N75432,2464
N830AS,2835
N8942A,3062
N456WN,1279
N802AW,2708
N138SY,154
N639NK,2043
N332NW,640
N956WN,3448
N3760C,829
N506CA,1479
N785AA,2652
N604MQ,1876
N224UA,409
N26549,487
N644AS,2062
N76517,2520
N217JC,394
N75425,2461
N648SW,2079
N006AA,3
N165US,259
N698MQ,2285
N531JB,1591
N171US,286
N552NW,1664
N652AW,2089
N7722B,2571
N3ARAA,931
N897SK,3069
N446UA,1251
N596NW,1823
N525MQ,1557
N929AT,3280
N920DN,3215
N925AT,3252
N795SW,2689
N617NK,1937
N563WN,1706
N3BCAA,939
N78438,2644
N797SK,2697
N306JB,566
N108SY,31
N406WN,1143
N810UA,2746
N806JB,2725
N236WN,434
N287WN,533
N995DL,3571
N608SK,1899
N413UA,1158
N11547,63
N404WN,1139
N5DJAA,1843
N127DL,111
N914UY,3173
N797AA,2694
N822SK,2795
N938AT,3337
N441SW,1235
N926AT,3259
N468UA,1316
N28457,526
N595JB,1820
N57868,1753
N616DL,1931
N317US,593
N535UA,1610
N622AS,1958
N11194,51
N721UW,2368
N918DH,3197
N416UA,1165
N945WN,3381
N402WN,1133
N385HA,873
N219AG,398
N5ENAA,1851
N3AWAA,936
N825UA,2812
N792SW,2677
N18557,314
N632SW,2010
N433LV,1210
N673DL,2191
N7746C,2602
N3AVAA,935
N964WN,3491
N819AW,2778
N808DN,2734
N543US,1635
N935WN,3323
N423UA,1182
N802SK,2710
N3MKAA,1125
N951FR,3413
N624AW,1967
N314NB,582
N668MQ,2159
N5CPAA,1839
N953DL,3424
N3KGAA,1085
N943SW,3370
N334JB,643
N26215,481
N557NW,1685
N37281,769
N757LV,2479
N618DL,1942
N425LV,1188
N946SW,3384
N4XYAA,1450
N318JB,596
N605SW,1883
N7713A,2560
N303AS,558
N594AS,1817
N659DL,2119
N677AW,2203
N879AS,3045
N436WN,1221
N3758Y,824
N749US,2443
N246LV,454
N945JB,3378
N381HA,857
N949UW,3405
N228WN,419
N916SW,3187
N576AA,1744
N371SW,762
N950WN,3410
N682MQ,2219
N482WN,1366
N968DL,3507
N360SW,719
N727TW,2386
N933DN,3304
N621NK,1955
N27205,501
N14231,193
N7725A,2575
N3JEAA,1063
N6708D,2173
N655DL,2102
N840DN,2892
N923SW,3241
N465UA,1304
N856AA,2944
N912UY,3160
N625VA,1976
N39463,902
N493UA,1407
N844AS,2904
N790SK,2667
N979SW,3538
N321NB,603
N113SY,56
N77867,2619
N437AA,1222
N553UW,1668
N588UA,1799
N315US,586
N36476,735
N834AW,2865
N919EV,3207
N634VA,2021
N811DZ,2747
N219FR,399
N207FR,362
N593NW,1816
N37419,791
N742SK,2423
N481UA,1362
N562UW,1701
N3LHAA,1105
N309DE,572
N551AS,1660
N3EFAA,993
N69835,2281
N004AA,2
N201UU,345
N477WN,1348
N7812G,2632
N3AFAA,924
N928AT,3273
N604SW,1879
N912SW,3159
N818UA,2777
N3HLAA,1048
N559JB,1692
N718TW,2362
N76503,2513
N991AT,3563
N772UA,2583
N27477,507
N79279,2673
N906DE,3112
N68821,2240
N8982A,3070
N374SW,816
N212WN,380
N3KLAA,1088
N929WN,3285
N867AA,3026
N861AA,2972
N19554,331
N722US,2370
N335NW,646
N881AS,3047
N659BR,2118
N314US,583
N5EGAA,1848
N751AT,2449
N462UA,1296
N107SY,29
N524VA,1555
N16976,270
N665AW,2142
N5CHAA,1838
N517MQ,1520
N470UA,1322
N967UW,3504
N3ENAA,999
N8653A,3007
N308DE,570
N904EV,3098
N187US,321
N24715,456
N986SW,3555
N778AS,2620
N518MQ,1522
N4XHAA,1439
N14731,209
N641NK,2053
N848AS,2915
N37700,841
N921DL,3222
N3745B,801
N37466,803
N37422,794
N353NB,691
N41140,1154
N685AE,2226
N341NW,660
N590JB,1806
N3BGAA,943
N6EAMQ,2288
N658SW,2116
N723UW,2374
N356SW,705
N472UA,1331
N561JB,1697
N609SK,1904
N3737C,782
N809SK,2741
N847AS,2912
N504JB,1472
N752EV,2454
N340NW,657
N317WN,594
N527MQ,1570
N3AEMQ,923
N485AA,1375
N11164,42
N815SK,2764
N11526,59
N730SK,2391
N907DA,3119
N748SW,2441
N713AS,2342
N361SW,722
N174US,292
N632SK,2009
N528MQ,1576
N678DL,2211
N609MQ,1902
N414WN,1161
N3DVAA,990
N619SW,1950
N3LSAA,1110
N964DN,3489
N816AW,2766
N523US,1548
N420WN,1176
N561UW,1698
N3DRAA,987
N73256,2396
N265WN,488
N3BYAA,956
N3MCAA,1119
N33292,637
N490UA,1397
N449UA,1259
N8668A,3022
N725SW,2380
N5ESAA,1852
N716EV,2354
N611AS,1907
N906WN,3118
N530US,1588
N13248,133
N727SW,2385
N68453,2223
N502NK,1466
N480WN,1358
N420UA,1175
N543MQ,1633
N703UW,2302
N906AW,3110
N943DN,3368
N3BLAA,946
N764AS,2509
N455UA,1278
N200PQ,342
N617SW,1939
N962DN,3478
N395HA,909
N3736C,781
N592HA,1811
N361NB,720
N3CSAA,972
N16183,250
N3DGAA,980
N409WN,1151
N3FGAA,1011
N648MQ,2078
N017AA,11
N434WN,1214
N679MQ,2214
N638MQ,2038
N204WN,356
N16701,261
N791AS,2670
N35271,685
N496UA,1418
N376DA,838
N704X,2305
N102UW,21
N945UW,3380
N946JB,3383
N695DL,2266
N7712G,2559
N548UW,1652
N3JRAA,1073
N768UA,2542
N5EDAA,1847
N925FR,3255
N556JB,1680
N562AS,1699
N48127,1359
N523MQ,1545
N820MQ,2782
N708EV,2318
N7703A,2547
N8628A,2979
N822MQ,2794
N435UA,1217
N412UA,1156
N33132,627
N39475,903
N11548,64
N783SK,2642
N429WN,1200
N8306H,2831
N195DN,332
N563UW,1705
N844VA,2906
N13970,159
N3730B,776
N672AE,2186
N150UW,224
N14558,204
N54711,1644
N452UA,1265
N531NK,1592
N5FBAA,1855
N547UA,1646
N943WN,3371
N963AT,3481
N27190,498
N426UA,1192
N377AA,845
N656SW,2108
N3HDAA,1041
N122US,95
N3LWAA,1114
N832UA,2861
N7719A,2566
N434UA,1213
N951DN,3412
N388SW,883
N467AS,1310
N941FR,3356
N860AA,2961
N220FR,401
N834DN,2866
N333NB,641
N3DJAA,982
N36444,733
N667AW,2148
N833MQ,2863
N294WN,542
N54241,1630
N752AT,2453
N494AA,1409
N11189,47
N415UA,1162
N961DL,3472
N37434,797
N337NB,649
N393HA,895
N14168,180
N767UW,2537
N541AA,1627
N658JB,2114
N136SY,148
N7748A,2604
N781CA,2637
N76502,2512
N203FR,350
N924DN,3246
N843VA,2903
N796JB,2692
N16234,253
N724SW,2378
N497WN,1421
N4WLAA,1430
N8601C,2954
N5CGAA,1837
N5EBAA,1845
N765SW,2529
N677AE,2202
N4YLAA,1454
N758SW,2487
N745VJ,2432
N333NW,642
N347NW,673
N156UW,236
N166PQ,260
N419AS,1173
N3EKAA,996
N3LAAA,1099
N676CA,2200
N36207,724
N339NB,653
N912DN,3156
N692MQ,2258
N959UW,3465
N855VA,2943
N259WN,475
N210UA,371
N564AA,1707
N601XJ,1863
N620SW,1953
N857AA,2947
N360AA,716
N3EUAA,1001
N918WN,3202
N14242,195
N665DN,2143
N915DE,3176
N941MQ,3357
N997AT,3573
N323JB,608
N3GWAA,1036
N708AS,2317
N329JB,623
N415WN,1163
N3BSAA,951
N454UA,1273
N609AS,1901
N321US,604
N858AS,2950
N942UW,3365
N8663A,3018
N13979,162
N738SK,2413
N507CA,1483
N852AA,2928
N526MQ,1564
N789SK,2665
N961DN,3473
N606LR,1885
N266WN,490
N350NA,680
N753EV,2458
N24702,455
N307AS,567
N709TW,2328
N827UA,2821
N524JB,1550
N847UA,2913
N8645A,2998
N8307K,2832
N37456,800
N17108,277
N4WTAA,1433
N839UA,2889
N433SW,1211
N605QX,1882
N15751,239
N757UW,2480
N386DA,875
N905FR,3104
N706JB,2312
N634NK,2019
N172US,290
N821UA,2791
N68817,2239
N10575,25
N927FR,3269
N625JB,1972
N654AW,2097
N161PQ,251
N948SW,3398
N424UA,1185
N5FHAA,1856
N124DE,97
N643MQ,2059
N26141,477
N975AT,3525
N960DN,3468
N851UA,2926
N710UW,2334
N551WN,1662
N14102,173
N651SW,2088
N338NW,652
N540UW,1626
N14219,190
N304JB,561
N75851,2481
N643NK,2060
N284JB,528
N603NK,1872
N462WN,1297
N483AA,1367
N37471,807
N439UA,1231
N636MQ,2028
N6707A,2172
N3KMAA,1089
N779SK,2626
N466SW,1306
N480AA,1355
N3751B,818
N013AA,9
N388HA,882
N791AA,2669
N503NK,1470
N11109,38
N367AA,745
N552UW,1665
N6715C,2182
N031AA,19
N332NB,639
N3LGAA,1104
N980EV,3540
N3JNAA,1071
N937SW,3335
N804SK,2718
N368NB,749
N375SW,828
N471AS,1325
N14542,202
N520JB,1531
N548AA,1648
N11165,43
N738EV,2412
N537AS,1615
N583AS,1772
N403UA,1136
N69824,2277
N919SW,3209
N807UA,2732
N218WN,397
N754SK,2467
N6704Z,2169
N704SW,2303
N803SK,2714
N521VA,1538
N980DL,3539
N746SK,2434
N7732A,2586
N972DL,3520
N940DL,3351
N8308K,2833
N922US,3233
N787SK,2660
N77525,2611
N472CA,1330
N349NW,679
N3746H,805
N494UA,1411
N988CA,3559
N796AS,2691
N316JB,587
N228FR,416
N826DN,2814
N13995,167
N715UW,2353
N796AA,2690
N3MBAA,1118
N915WN,3182
N208WN,366
N701BR,2291
N765SK,2528
N942DL,3362
N938DN,3339
N535JB,1608
N343NB,664
N16546,255
N916DL,3184
N290WN,536
N13750,151
N967WN,3505
N4XJAA,1440
N343NW,665
N8648A,3001
N809DN,2738
N817AW,2770
N602AW,1864
N963WN,3486
N3773D,844
N138DL,152
N7745A,2601
N15973,243
N953FR,3426
N5DFAA,1841
N823DN,2799
N14179,183
N959SW,3464
N139DL,169
N560WN,1696
N934FR,3312
N77258,2574
N3GAAA,1022
N789JB,2664
N21723,392
N76265,2499
N012AA,8
N3KBAA,1081
N810SK,2745
N779JB,2625
N8625A,2977
N723TW,2373
N821MQ,2789
N547UW,1647
N36915,752
N901DE,3082
N33264,633
N500WR,1461
N679AW,2212
N3763D,832
N3MHAA,1123
N673UA,2192
N750SA,2446
N140SY,172
N11539,62
N3LJAA,1106
N585UW,1783
N127SY,112
N709SK,2326
N13992,165
N38473,868
N253WN,467
N513MQ,1504
N498CA,1422
N14180,184
N566UW,1720
N901DA,3081
N11140,40
N948WN,3400
N625NK,1974
N568UW,1729
N217AG,393
N694MQ,2263
N78511,2650
N69838,2282
N65832,2112
N12216,89
N3761R,830
N606SW,1888
N3DCAA,977
N901WN,3084
N855AA,2939
N829UA,2826
N6711M,2179
N14998,222
N708JB,2319
N13550,141
N14916,215
N37253,763
N3769L,837
N3KKAA,1087
N791SK,2671
N923DN,3237
N794AA,2682
N491AA,1399
N633NK,2013
N966AT,3498
N3AYAA,937
N536JB,1613
N623DL,1963
N493WN,1408
N685SW,2229
N13914,158
N75428,2462
N952UW,3421
N77430,2597
N712US,2341
N631SK,2004
N20904,367
N64844,2076
N11565,66
N5CEAA,1836
N709UW,2329
N14904,212
N850UA,2923
N506AS,1478
N8607M,2958
N3JUAA,1076
N3FXAA,1020
N586JB,1786
N927SW,3270
N844UA,2905
N178JB,300
N442AS,1238
N954FR,3433
N963DL,3482
N936DN,3325
N947UW,3392
N107US,30
N707SA,2315
N836DN,2874
N697DL,2270
N592JB,1812
N14562,205
N923WN,3243
N3CAAA,957
N939AT,3343
N3741S,792
N8618N,2971
N342NW,663
N175DN,295
N125DL,106
N815DN,2763
N636VA,2030
N505JB,1475
N723EV,2371
N7747C,2603
N37287,770
N77296,2579
N764SW,2511
N342NB,662
N144SY,201
N619AS,1947
N524SW,1553
N635NK,2024
N3KRAA,1091
N14158,178
N514SW,1509
N30401,560
N518UA,1523
N16713,264
N125UW,108
N627AS,1981
N797AS,2695
N3KSAA,1092
N6709,2174
N588JB,1796
N39416,897
N581UW,1767
N3GXAA,1037
N214FR,384
N3JBAA,1060
N27724,515
N14237,194
N762SK,2503
N560UW,1695
N948DN,3395
N549CA,1654
N942WN,3366
N125SY,107
N132EV,134
N436UA,1220
N838DN,2882
N368NW,750
N8620H,2974
N37255,764
N75436,2466
N3771K,842
N12922,118
N76522,2522
N568JB,1727
N802UA,2711
N563JB,1704
N962WN,3480
N772SK,2581
N8641B,2994
N13538,140
N12195,85
N577AS,1746
N232WN,429
N838VA,2885
N545UW,1641
N708SK,2320
N69804,2273
N75854,2482
N557UW,1686
N731SA,2394
N8664J,3019
N417UA,1168
N950DN,3408
N231WN,427
N4XUAA,1447
N319NB,599
N68802,2236
N423AS,1180
N942MQ,3364
N349AA,677
N3JDAA,1062
N921DN,3223
N617MQ,1936
N911DA,3151
N714CB,2348
N428UA,1196
N110UW,36
N941WN,3360
N548UA,1651
N424AA,1184
N489UA,1394
N57869,1754
N430UA,1202
N984CA,3549
N706SW,2313
N75433,2465
N954DN,3432
N392SW,893
N8634A,2987
N604NK,1877
N523UW,1549
N267JB,491
N199UW,340
N841UA,2895
N587UW,1793
N398SW,918
N78524,2651
N487CA,1383
N21154,377
N11206,54
N66841,2157
N12530,101
N17719,298
N750EV,2445
N818DA,2775
N12175,84
N744SW,2429
N3BUAA,953
N856MQ,2946
N812DN,2750
N17245,289
N3JMAA,1070
N021AA,14
N517AS,1518
N508AS,1486
N7710A,2557
N33294,638
N828UA,2824
N584UW,1779
N8314L,2844
N660MQ,2125
N513AA,1502
N367SW,747
N3DEAA,978
N73406,2405
N12136,77
N552WN,1666
N818MQ,2776
N3AKAA,928
N486UA,1380
N781WN,2638
N4UBAA,1427
N809CA,2737
N366NB,742
N627DL,1982
N613SK,1922
N922FR,3232
N692DL,2257
N712SK,2339
N701SK,2293
N991DL,3564
N724UW,2379
N937JB,3334
N261WN,478
N3JWAA,1078
N923FR,3238
N838UA,2884
N925DN,3254
N626NK,1979
N205WN,358
N474WN,1338
N653SW,2096
N3750D,817
N14228,191
N38443,863
N602NK,1866
N824AW,2804
N505NK,1476
N986AT,3553
N807DN,2729
N811UA,2748
N3LYAA,1116
N438UA,1227
N959DN,3463
N822UA,2796
N920SW,3218
N614SK,1926
N13566,143
N378DA,848
N391CA,889
N395DN,908
N675DL,2198
N693CA,2260
N76523,2523
N983CA,3547
N198JB,338
N529NK,1583
N402AS,1131
N468AA,1313
N391HA,890
N553WN,1669
N942AT,3361
N3LMAA,1108
N318NB,597
N778SW,2622
N372DA,774
N910DL,3145
N14977,219
N56859,1725
N458WN,1285
N564AS,1708
N663DN,2136
N3JFAA,1064
N361VA,723
N580UW,1762
N16709,263
N296WN,545
N3HBAA,1039
N170PQ,275
N3BDAA,940
N57862,1750
N365NW,740
N485UA,1377
N466AA,1305
N15986,247
N17560,294
N596UA,1824
N4YNAA,1455
N63820,2036
N3FYAA,1021
N16703,262
N37474,808
N926DH,3260
N291WN,537
N117UW,69
N205FR,357
N535MQ,1609
N517NK,1521
N919FR,3208
N830AW,2836
N914DL,3170
N118US,71
N3FJAA,1013
N452WN,1266
N78448,2645
N320US,602
N4WPAA,1432
N520AA,1529
N303DQ,559
N529AS,1581
N650SW,2084
N416WN,1166
N907JB,3123
N533AS,1597
N893AT,3061
N579JB,1758
N401WN,1130
N630JB,1997
N788SK,2662
N72405,2375
N587NK,1791
N3JVAA,1077
N87513,3038
N639JB,2041
N227WN,415
N875AS,3041
N833UA,2864
N305AS,562
N917UY,3194
N568UA,1728
N109SY,33
N001AA,0
N252WN,466
N3BKAA,945
N804AW,2716
N202FR,347
N8600F,2953
N138EV,153
N947SW,3391
N186US,318
N13988,163
N66825,2153
N963DN,3483
N527VA,1573
N126DL,109
N516NK,1517
N7714B,2561
N5CDAA,1835
N665JB,2144
N33266,634
N14573,207
N157UW,240
N8328A,2858
N14143,177
N923JB,3239
N850AS,2922
N602MQ,1865
N387DA,879
N385DN,872
N756SK,2476
N933AT,3302
N847VA,2914
N587JB,1790
N69813,2275
N361NW,721
N586AS,1785
N712SW,2340
N3HEAA,1042
N944JB,3374
N687JS,2233
N650MQ,2083
N358NB,710
N276WN,513
N3ANAA,930
N938SW,3341
N3JHAA,1066
N940DN,3352
N846VA,2911
N182UW,309
N87527,3039
N973SW,3522
N392DA,892
N852UA,2930
N425UA,1189
N3DNAA,985
N32404,610
N601WN,1862
N4WJAA,1428
N272WN,503
N535UW,1611
N824MQ,2806
N516JB,1515
N136DL,146
N37427,795
N3CXAA,975
N203UW,352
N64809,2075
N170US,276
N819MQ,2780
N853VA,2935
N806DN,2724
N987AT,3556
N922DL,3229
N926UW,3264
N153DL,226
N784AA,2646
N8302F,2828
N443WN,1244
N285WN,531
N356NW,704
N570AA,1734
N429UA,1199
N935JB,3320
N204UA,354
N225AG,411
N3MAAA,1117
N994AT,3568
N530NK,1587
N793JB,2679
N312US,579
N912WN,3161
N922AT,3228
N779AS,2623
N446SW,1250
N641JB,2051
N13994,166
N7701B,2545
N947JB,3390
N748SK,2440
N912FR,3158
N459AS,1286
N793AS,2678
N618WN,1946
N815AW,2762
N589JB,1801
N489AA,1392
N917DN,3191
N565JB,1714
N924DL,3245
N926WN,3265
N583NW,1775
N3HPAA,1051
N12221,91
N694DL,2262
N17133,279
N68836,2244
N464SW,1300
N837DN,2877
N484UA,1373
N8662F,3017
N758SK,2486
N289CT,535
N515NK,1512
N528NK,1577
N519NK,1527
N77066,2549
N520MQ,1532
N8AFAA,3075
N75429,2463
N293WN,540
N69059,2252
N3CMAA,968
N3AUAA,934
N002AA,1
N763US,2508
N853UA,2934
N12567,105
N4YTAA,1459
N820UA,2784
N371AA,758
N024AA,16
N3749D,811
N446WN,1252
N664UA,2141
N67846,2207
N27239,502
N8310C,2840
N525NK,1558
N612QX,1916
N920DL,3214
N319AS,598
N124US,99
N57863,1751
N3HTAA,1054
N12163,80
N526JB,1563
N3DAAA,976
N934SW,3314
N8642E,2995
N825AW,2809
N839DN,2888
N695MQ,2267
N3739P,784
N384HA,870
N71411,2347
N656JB,2106
N7731A,2585
N598JB,1830
N3JJAA,1067
N557WN,1687
N903SW,3093
N918SW,3200
N37468,804
N258WN,474
N381DN,856
N4XDAA,1436
N545US,1640
N652JB,2091
N838AS,2880
N966DL,3499
N935MQ,3321
N816DN,2767
N750AT,2444
N988AT,3558
N939UW,3349
N558AS,1688
N441WN,1237
N469AS,1319
N627JB,1983
N467AA,1309
N842VA,2899
N812UA,2752
N7737E,2591
N348NB,675
N937DN,3332
N628VA,1991
N642VA,2057
N8301J,2827
N939WN,3350
N37462,802
N75861,2484
N551UW,1661
N583HA,1773
N676AE,2199
N3AJAA,927
N488AA,1387
N848VA,2917
N640AW,2046
N703TW,2301
N803AW,2712
N11107,37
N439SW,1230
N730EV,2390
